CRO;Wilayah;Nama Kebun;Luas TM Real (Ha)
CRO I;Aceh;Bintang Permata Alue Waki;69,57
CRO I;Aceh;Dharmasawita Nusantara;22,00
CRO I;Aceh;Global Sawit Semesta;346,20
CRO I;Aceh;Mestika Prima Lestari Indah;77,89
CRO I;Aceh;Perkebunan dan Pertanian Sumber Asih;155,07
CRO I;Aceh;Sisirau;60,54
CRO I;Aceh;Teunggulon Raya;15,51
CRO I;Aceh;Watu Gede Utama;510,39
CRO I;Sumut 1;Andalas Intiagro Lestari;1,59
CRO I;Sumut 1;Bakrie Sumatera Plantations/Bakrie group;0,00
CRO I;Sumut 1;Barumun Raya Padang Langkat;0,00
CRO I;Sumut 1;Grahadura Leidongprim/Bakrie Group;4.322,38
CRO I;Sumut 1;Gunung Bangau;0,00
CRO I;Sumut 1;Koperasi Produsen Maju Bersama;786,00
CRO I;Sumut 1;Paten Alam Lestari;0,00
CRO I;Sumut 1;Perkebunan Nusantara I (Eks PTPN II);0,00
CRO I;Sumut 1;Perkebunan Sumatera Utara;0,00
CRO I;Sumut 1;Sibuah Raya;233,62
CRO I;Sumut 1;Supra Matra Abadi;106,20
CRO I;Sumut 1;Syarikat Tandikat Adidaya;0,00
CRO I;Sumut 1;Anugerah Langkat Makmur;0,00
CRO I;Sumut 1;Anugerah Sawindo;44,46
CRO I;Sumut 1;Bandar Meriah*;0,00
CRO I;Sumut 1;Karimun Aromatics Co. Ltd;167,12
CRO I;Sumut 1;Karya Hevea Indonesia;264,84
CRO I;Sumut 1;Kembang Sepatu Alam Abadi;440,40
CRO I;Sumut 1;Perkebunan Inti Sawit Subur;0,00
CRO I;Sumut 1;Perkebunan Karetia;59,90
CRO I;Sumut 1;Perkebunanan Sungai Wang;71,73
CRO I;Sumut 1;Perusahaan Perkebunan & Dagangan Indah Pontjan (1);0,00
CRO I;Sumut 1;Perusahaan Perkebunan & Dagangan Indah Pontjan (2);0,00
CRO I;Sumut 1;Sawit Indah Abadi;0,00
CRO I;Sumut 1;Sekoci;0,00
CRO I;Sumut 1;Tondy Barumun Sejahtera;0,00
CRO I;Sumut 2;Bukit Harapan I;10.052,38
CRO I;Sumut 2;Bukit Harapan I Plasma;2.836,00
CRO I;Sumut 2;Wonorejo Perdana;2.783,48
CRO I;Sumut 2;Bukit Harapan II;9.292,19
CRO I;Sumut 2;Bukit Harapan II Plasma;2.835,75
CRO I;Sumut 2;Parsub;2.724,04
CRO I;Sumut 2;Parsub Plasma;1.910,37
CRO I;Sumut 2;Patogu Janji;128,34
CRO I;Sumut 2;Patogu Janji KSO;9.241,29
CRO I;Sumut 2;Patogu Janji Plasma;4.873,86
CRO II;Riau 1;Kencana Amal Tani (Kat) I;3.285,83
CRO II;Riau 1;Kencana Amal Tani (Kat) II;3.452,19
CRO II;Riau 1;Kencana Amal Tani (Kat) III;2.463,89
CRO II;Riau 1;Kppa Mal;250,49
CRO II;Riau 1;Mekar Alam Lestari (Mal) I;5.279,61
CRO II;Riau 1;Mekar Alam Lestari (Mal) II;1.468,74
CRO II;Riau 1;Siberida Subur (Ss);946,23
CRO II;Riau 1;Banyu Bening Utama (Bbu) I;4.157,86
CRO II;Riau 1;Banyu Bening Utama (Bbu) II;3.014,12
CRO II;Riau 1;Palma I (Ps I);4.522,19
CRO II;Riau 1;Palma II (Ps II);2.268,19
CRO II;Riau 1;Panca Agro Lestari (Pal);3.626,12
CRO II;Riau 1;Cerenti Subur (Csb) I;3.839,43
CRO II;Riau 1;Cerenti Subur (Csb) II;4.579,57
CRO II;Riau 1;Wana Jingga Timur (Wjt);2.041,21
CRO II;Riau 1;Duta Palma Nusantara (Dpn) I;4.724,66
CRO II;Riau 1;Duta Palma Nusantara (Dpn) II;4.648,22
CRO II;Riau 1;Duta Palma Nusantara (Dpn) III;2.420,65
CRO II;Riau 1;Eluan Mahkota (EMA) - KT;4.648,18
CRO II;Riau 1;Johan Sentosa;3.834,49
CRO II;Riau 1;Palma Inti Lestari (PIL);34,00
CRO II;Riau 1;Aditya Palma Nusantara (Apn Inti);1.104,56
CRO III;Riau 2;Andika Permata Sawit Lestari;423,00
CRO III;Riau 2;Berlian Agro Plantation;701,30
CRO III;Riau 2;CV Sepakat Bersama Ali;326,40
CRO III;Riau 2;Darmali Jaya Lestari;8,00
CRO III;Riau 2;Duta Mas Makmur Perkasa;1.458,70
CRO III;Riau 2;Hendri Padang;749,60
CRO III;Riau 2;Indograha Makmur Sentosa;0,00
CRO III;Riau 2;Marita Makmur Jaya;33,39
CRO III;Riau 2;Murini Sam Sam;7,00
CRO III;Riau 2;Priatama Riau;83,00
CRO III;Riau 2;Sinar Inti Sawit;732,69
CRO III;Riau 2;Sinar Sawit Sejahtera;0,00
CRO III;Riau 2;Surya Dumai Agrindo;94,00
CRO III;Riau 2;Apsl Rayon 1;3.663,17
CRO III;Riau 2;Apsl Rayon 2 (Kelompok Tani Nelayan Andalan);0,00
CRO III;Riau 2;Apsl Rayon 3 ( Poktan Maju Bersama);2.855,80
CRO III;Riau 2;Bukit Gajah Putih;143,22
CRO III;Riau 2;Cibaliung Tunggal Plantation;315,39
CRO III;Riau 2;CV Sianipar Putra Mandiri;39,04
CRO III;Riau 2;Gunung Mas Raya;1.802,71
CRO III;Riau 2;Jaya Gemilang Sukses;13,68
CRO III;Riau 2;Kelompok Tani Karya Mandiri (PT SPA);200,00
CRO III;Riau 2;Lahan Tani Sakti;481,20
CRO III;Riau 2;Rama Salomo (Kebun Hendri Sianipar);50,74
CRO III;Riau 2;Rama Salomo Tanjung Medan (Michael Chandra Sianipar);602,31
CRO III;Riau 2;Riau Bumi Bina Makmur (Lokasi 1);1.988,00
CRO III;Riau 2;Salim Ivomas Pratama/Salim;806,56
CRO III;Riau 2;Supra Matra Abadi (Riau);765,60
CRO III;Riau 2;Tunggal Mitra Plantation/Minamas;0,00
CRO III;Riau 2;Agro Mitra Rokan;1.850,00
CRO III;Riau 2;Air Jernih;27,84
CRO III;Riau 2;Arindo Trisejahtera;12,00
CRO III;Riau 2;Berkat Satu;1.029,33
CRO III;Riau 2;Budi Murni Pancajaya;50,14
CRO III;Riau 2;Citra Sardela Abadi;172,87
CRO III;Riau 2;Ekadura Indonesia;134,70
CRO III;Riau 2;Gerbang Sawit Indah;27,01
CRO III;Riau 2;Graha Permata Hijau;162,09
CRO III;Riau 2;Hotman Silalahi/Sipangkar (Perorangan);242,00
CRO III;Riau 2;Hutahean;786,38
CRO III;Riau 2;Inti Kamparindo Sejahtera;54,00
CRO III;Riau 2;Inti Kamparindo Sejahtera 2;0,00
CRO III;Riau 2;Masuba Citra Mandiri;3,00
CRO III;Riau 2;Padasa Enam Utama;80,00
CRO III;Riau 2;Peputra Maha Raya;180,00
CRO III;Riau 2;Perawang Sukses Perkasa Industri;6.747,00
CRO III;Riau 2;Sarana Inti Pratama;0,00
CRO III;Riau 2;Sawit Asahan Indah;4,21
CRO III;Riau 2;Sawita Balm;0,00
CRO III;Riau 2;Simas Sawit Aliantan;104,65
CRO III;Riau 2;Sitapongan Lestari;44,50
CRO III;Riau 2;Sugih Indah Sejati;53,00
CRO III;Riau 2;Sumber Alam Makmur Sentosa;175,00
CRO III;Riau 2;Sumber Jaya Indahnusa Coy;89,51
CRO III;Riau 2;Telangka Indo Permai;395,12
CRO III;Riau 2;Agro Wisata Industri;200,77
CRO III;Riau 2;Aneka Inti Persada;33,00
CRO III;Riau 2;Anugerah Tuah Mulya Perkasa;1.633,37
CRO III;Riau 2;Armada Putra;74,00
CRO III;Riau 2;Berlian Mitra Inti;246,92
CRO III;Riau 2;Bina Pitri Jaya;65,00
CRO III;Riau 2;Budi Tani Kembang Jaya;178,70
CRO III;Riau 2;Cahaya Indah Sangsurya;6,53
CRO III;Riau 2;Ciliandra Perkasa;75,00
CRO III;Riau 2;CV Alam Riau Bertuah;22,00
CRO III;Riau 2;CV Kamparindo (CV inti sawit Perkasa);596,20
CRO III;Riau 2;CV Makmur Jaya Sentosa;823,35
CRO III;Riau 2;Dumai Tani Unggul;329,34
CRO III;Riau 2;Ganda Buanindo;75,00
CRO III;Riau 2;Guna Usagri Pratama - Yingerh Gunawan;675,83
CRO III;Riau 2;Ivo Mas Tunggal;15,10
CRO III;Riau 2;Kelompok Tani Kepau Jaya Sukses Lestari;774,00
CRO III;Riau 2;Muriniwood Indah Industry;265,00
CRO III;Riau 2;Mutiara Naga Indonesia;0,00
CRO III;Riau 2;Pelintung Jaya Bersama;467,81
CRO III;Riau 2;Ramajaya Pramukti;736,06
CRO III;Riau 2;Riau Jaya Utama;73,00
CRO III;Riau 2;Sinar Riau Palm Oil;1.498,21
CRO III;Riau 2;Subur Arum Makmur;24,00
CRO III;Riau 2;Surya Intisari Raya;65,00
CRO III;Riau 2;Tasma Puja Kampar;32,38
CRO III;Riau 3;Agroraya Gematrans;0,00
CRO III;Riau 3;Bumi Palma Lestari Persada;265,00
CRO III;Riau 3;Guntung Hasrat Makmur;0,00
CRO III;Riau 3;Indogreen Jaya Abadi;126,29
CRO III;Riau 3;Krisna Kereta Kencana;0,00
CRO III;Riau 3;Oscar Investama;0,00
CRO III;Riau 3;Riau Sakti United Plantations;0,00
CRO III;Riau 3;Riau Sawitindo Abadi;0,00
CRO III;Riau 3;Riausakti Transmandiri;0,00
CRO III;Riau 3;Setia Agrindo Mandiri;118,68
CRO III;Riau 3;Sumatera Timur Indonesia;0,00
CRO III;Riau 3;Th Indo Plantation;0,63
CRO III;Riau 3;Agro Sarimas Indonesia;1.324,01
CRO III;Riau 3;Agro Sarimas Indonesia (Plasma);0,00
CRO III;Riau 3;Berlian Inti Mekar;67,01
CRO III;Riau 3;Indrawan Perkasa;677,77
CRO III;Riau 3;Inti Indosawit Subur;12,65
CRO III;Riau 3;Kelompok Tani Jaya Mandiri (awalnya PT Andalas);398,99
CRO III;Riau 3;Runggu Divisi I s.d IV (Koperasi Jasa Sawit Mulia);1.901,32
CRO III;Riau 3;Sawit Inti Raya;0,00
CRO III;Riau 3;Selantai Agro Lestari;328,49
CRO III;Riau 3;Sumatera Makmur Lestari;0,00
CRO III;Riau 3;Tani Subur Makmur;59,00
CRO III;Riau 3;Tasma Puja Inhu;1.053,50
CRO III;Riau 3;Toton/Kelompok Tani Sumber Makmur Bersama;304,20
CRO III;Riau 3;Tri Hasta Palma;0,00
CRO III;Riau 3;Tugu Palma Sumatera;250,00
CRO III;Riau 3;Bagas Indah Perkasa;639,80
CRO III;Riau 3;Bintang Riau Sejahtera;48,00
CRO III;Riau 3;Buana Wira Lestari Mas;3,50
CRO III;Riau 3;Jaguar Perkasa;0,00
CRO III;Riau 3;Kharisma Riau Sentosa Prima;5,89
CRO III;Riau 3;Mega Nusa Inti Sawit;6,59
CRO III;Riau 3;Palm Lestari Makmur;91,72
CRO III;Riau 3;Pasirmas Giri Raya;47,19
CRO III;Riau 3;Prima Agro Sawitindo;1.473,47
CRO III;Riau 3;Sinar Widita Pamarta;57,09
CRO III;Riau 3;Sumber Sawindo Kencana;0,00
CRO III;Riau 3;Teso Indah;313,64
CRO III;Riau 3;Tunggal Perkasa Plantation;551,04
CRO III;Riau 3;Adimulia Agrolestari Takeover Dari Blangkolam;132,00
CRO III;Riau 3;Adimulia Agrolestari Takeover Dari Blangkolam 2;0,00
CRO III;Riau 3;Agrita Sari Prima;0,00
CRO III;Riau 3;Cakra Alam Sejati;66,60
CRO III;Riau 3;CV Agro Sukses Abadi/CV Sawit Makmur Lestari;256,42
CRO III;Riau 3;Eka Sari Lorena /Koperasi Segati Sejahtera Mandiri;53,95
CRO III;Riau 3;Ganderah Hendana;132,00
CRO III;Riau 3;Gatipura Mulya;247,54
CRO III;Riau 3;Guna Dodos;6,00
CRO III;Riau 3;Karya Panen Terus;0,00
CRO III;Riau 3;Koperasi Serik Indah Mandiri (GUP);123,56
CRO III;Riau 3;Merauke Tetap Jaya (Koperasi Guna Karya Sejahtera);338,90
CRO III;Riau 3;Mitra Unggul Pusaka;306,00
CRO III;Riau 3;Mustika Agro Sari;99,45
CRO III;Riau 3;Rimba Sawit Kusuma;46,44
CRO III;Riau 3;Sandria Sukses Bersama;165,79
CRO III;Riau 3;Sari Lembah Subur;30,30
CRO III;Riau 3;Serikat Putra/Salim;150,00
CRO III;Riau 3;Sinar Haska Lestari;83,00
CRO III;Riau 3;Surya Agrolika Reksa I;220,85
CRO III;Riau 3;Tri Bakti Sarimas;495,55
CRO III;Riau 3;Triomas FDI;16,80
CRO III;Riau 3;Udaya Lohjinawi (Sadria Sukses Bersama);71,00
CRO III;Riau 3;Victorindo Alam Lestari/Permata Hijau Indonesia;20,00
CRO III;Riau 3;Wanasari Nusantara;0,00
CRO III;Riau 3;Atur Brown;0,00
CRO IV;Riau 4;Torus Ganda Kebun Rantau Kasai;8.639,31
CRO IV;Riau 4;Tor Ganda Kebun Batang Kumu 1;6.836,95
CRO IV;Riau 4;Tor Ganda Kebun Batang Kumu 2;7.533,16
CRO IV;Riau 4;Tor Ganda / Togos Gopas;1.573,49
CRO IV;Riau 4;Tor Ganda Kebun Karya Perdana;1.386,07
CRO IV;Riau 4;Torus Ganda Kebun Tambusai Timur;12.152,49
CRO V;Babel;Agrolestari Subur Sejahtera (Sinarmas);34,78
CRO V;Babel;Bumi Sawit Sukses Pratama;41,50
CRO V;Babel;Bumi Sawit Sukses Pratama (Bangka Kota);15,00
CRO V;Babel;Fenyen Agro Lestari (Kebun Kotawaringin+Jeriji);0,00
CRO V;Babel;Gunung Maras Lestari;26,50
CRO V;Babel;Hans Buana Inti guna Lestari;76,77
CRO V;Babel;Mp Leidong West Indonesia (Sinarmas);22,00
CRO V;Babel;Rebinmas Jaya;29,00
CRO V;Babel;Sinar Agro Makmur Lestari (Bukit Luwi);207,92
CRO V;Babel;Sinar Agro Makmur Lestari (Kurau);29,00
CRO V;Babel;Swarna Nusa Sentosa (Kebun Malik);86,00
CRO V;Babel;Swarna Nusa Sentosa (Kebun Muntok);0,00
CRO V;Jambi;Agrowiyana;0,00
CRO V;Jambi;Anugrah Polanusa;0,00
CRO V;Jambi;Bahana Karya Semesta;0,00
CRO V;Jambi;Batanghari Sawit Sejahtera;0,00
CRO V;Jambi;Bintang Selatan Agro;0,00
CRO V;Jambi;Brahma Binabakti/Kirana Sakernan;188,94
CRO V;Jambi;Citra Koperasindo Tani**;376,65
CRO V;Jambi;Citra Mulia Manunggal;0,00
CRO V;Jambi;Hutan Alam Lestari;0,00
CRO V;Jambi;Muaro Kahuripan Indonesia;0,00
CRO V;Jambi;Perkebunan Nusantara IV Reg IV Kebun Tj Lebar;0,00
CRO V;Jambi;Prima Mas Lestari;0,00
CRO V;Jambi;Produk Sawitindo Jambi (Makin Group);0,00
CRO V;Jambi;Ricky Kurniawan Kertapersada (Makin Group);0,00
CRO V;Jambi;Satya Kisma Usaha*;0,00
CRO V;Jambi;Sawit Mas Perkasa;0,00
CRO V;Sumbar;AMP Plantation;1.254,67
CRO V;Sumbar;Inti Melia Felindo;0,00
CRO V;Sumbar;Primatama Mulia Jaya;112,26
CRO V;Sumbar;Selago Makmur Plantation;566,80
CRO V;Sumbar;Sumatera Jaya Agro Lestari;807,92
CRO V;Sumsel;Agro Rawas Ulu;86,49
CRO V;Sumsel;Bahari Gembira Ria;0,00
CRO V;Sumsel;Bangun Tenera Sriwijaya;0,00
CRO V;Sumsel;Banyu Kahuripan Indonesia;62,13
CRO V;Sumsel;Berkat Sawit Sejati;3.901,41
CRO V;Sumsel;Berkat Sawit Sejati (BSS);0,00
CRO V;Sumsel;Bina Sains Cemerlang;0,00
CRO V;Sumsel;Budi Tirta & Tirta Agung/Salim Grup;0,00
CRO V;Sumsel;Bumi Persada Permai;4,89
CRO V;Sumsel;Cangkul Bumi Subur;0,00
CRO V;Sumsel;Ciptatunggal Asri;20,63
CRO V;Sumsel;Citraloka Begawan;0,00
CRO V;Sumsel;DendyIndah Makerlestari;0,00
CRO V;Sumsel;Djuanda Sawit Lestari;141,81
CRO V;Sumsel;Hamita Utama Karsa;16,04
CRO V;Sumsel;Hindoli/Cargill Group;59,56
CRO V;Sumsel;London Sumatera Indonesia Kebun Ketapat Bening;3,18
CRO V;Sumsel;London Sumatera Indonesia Kebun Riam Indah;194,45
CRO V;Sumsel;London Sumatera Indonesia Kebun Sei Kepayang;9,19
CRO V;Sumsel;London Sumatera Indonesia Sei Gemang;12,03
CRO V;Sumsel;London Sumatera Indonesia Sei Lakitan, Margo Sido, & Pelita Jaya;1.180,94
CRO V;Sumsel;Lonsum Suka Damai, Budi Tirta & Tirta Agung;43,00
CRO V;Sumsel;Lonsum Sumatera;22,37
CRO V;Sumsel;Marga Agro Sejahtera;326,59
CRO V;Sumsel;Mentari Sumur Abadi;0,00
CRO V;Sumsel;Musi Banyuasin Indah;454,32
CRO V;Sumsel;Musi Banyuasin Indah (2);0,00
CRO V;Sumsel;Pelangi Intipertiwi;0,00
CRO V;Sumsel;Perkebunan Hasil Musi Lestari;0,00
CRO V;Sumsel;Pp London Sumatera - Gunung Bais;75,55
CRO V;Sumsel;Swadaya Bhakti Negaramas;0,00
CRO V;Sumsel;Swadaya Bhakti Negaramas (SBN);0,00
CRO V;Sumsel;Aek Tarum;0,00
CRO V;Sumsel;Bumi Sawindo Permai;326,00
CRO V;Sumsel;Bumi Sawit Permai;34,29
CRO V;Sumsel;Cahaya Cemerlang Lestari;0,00
CRO V;Sumsel;Campang Tiga Mukut;0,00
CRO V;Sumsel;Ekajaya Multiperkasa;0,00
CRO V;Sumsel;Gunung Meraksa Jaya;148,70
CRO V;Sumsel;London Sumatera Indonesia Kebun Bebah Kubu Pakaran;0,00
CRO V;Sumsel;Mata Rantai Nusantara (Proteksindo);160,00
CRO V;Sumsel;Mitra Ogan;0,00
CRO V;Sumsel;Musi Hutan Persada;0,00
CRO V;Sumsel;Mutiara Bunda Jaya;0,00
CRO V;Sumsel;Perkebunan Nusantara VII;375,84
CRO V;Sumsel;Pp London Sumatera - Arta Kencana;22,00
CRO V;Sumsel;Pusakasinar Dianabadi;604,25
CRO V;Sumsel;Sampoerna Agro;5,65
CRO V;Sumsel;Sumber Wangi Alam;0,00
CRO V;Sumsel;Surya Bumi Agro Langgeng;404,00
CRO V;Sumsel;Sutopo Jaya Lestari;7,94
CRO V;Sumsel;Syarifudin, MT (Kuang Suri);0,00
CRO V;Sumsel;Telaga Hikmah;9,65
CRO V;Sumsel;Trimata Benua;0,00
CRO VI;Kalbar 1A;Asset - I (KSO);32,00
CRO VI;Kalbar 1A;Asset - II (KSO);208,45
CRO VI;Kalbar 1A;Bukit Jago Indah (BJI);867,00
CRO VI;Kalbar 1A;Ledo - I;5.381,00
CRO VI;Kalbar 1A;Ledo - II;4.621,00
CRO VI;Kalbar 1A;Ledo - III (KSO);2.594,00
CRO VI;Kalbar 1A;Semunying (KSO);411,00
CRO VI;Kalbar 1A;Kaliau Mas Perkasa A (KMP A);3.314,00
CRO VI;Kalbar 1A;Kaliau Mas Perkasa B (KMP B);971,00
CRO VI;Kalbar 1A;Teluk Keramat (TKR);1.067,43
CRO VI;Kalbar 1A;Wana Hijau Semesta I (WHS I);5.361,00
CRO VI;Kalbar 1A;Wana Hijau Semesta II (L1);66,00
CRO VI;Kalbar 1A;Wana Hijau Semesta II (L2);158,00
CRO VI;Kalbar 1A;Wana Hijau Semesta II (WHS II);3.817,00
CRO VI;Kalbar 1A;Wana Hijau Semesta III (WHS III);1.370,00
CRO VI;Kalbar 1A;Wana Hijau Semesta IV;1.273,00
CRO VI;Kalbar 1A;Kemitraan Kaliau (KMP);641,00
CRO VI;Kalbar 1A;Kemitraan Kalimao (Ledo - I);885,00
CRO VI;Kalbar 1A;Kemitraan Kumba (Asset);36,00
CRO VI;Kalbar 1A;Kemitraan Kumba (Ledo - I);267,00
CRO VI;Kalbar 1A;Kemitraan Kumba (Ledo - III);447,00
CRO VI;Kalbar 1A;Kemitraan Pareh (Ledo - III);1.211,00
CRO VI;Kalbar 1A;Kemitraan Santaban (KMP);554,00
CRO VI;Kalbar 1A;Kemitraan Sebunga ( WHS - III);1.700,00
CRO VI;Kalbar 1A;Kemitraan Sei Enau (WHS - IV);478,00
CRO VI;Kalbar 1A;Kemitraan Sekida (Asset);106,00
CRO VI;Kalbar 1A;Kemitraan Semanga (WHS - I);48,00
CRO VI;Kalbar 1A;Kemitraan Semanga (WHS - IV);338,00
CRO VI;Kalbar 1A;Kemitraan Semunying (Ledo - III);56,00
CRO VI;Kalbar 1A;Kemitraan Sinar Baru (Ledo - II);1.423,00
CRO VI;Kalbar 1A;Kemitraan Trans (Teluk Keramat);137,00
CRO VI;Kalbar 1B;Ceria Prima - I (KSO);4.461,00
CRO VI;Kalbar 1B;Ceria Prima - II (Inti);1.300,00
CRO VI;Kalbar 1B;Ceria Prima - II (KSO);3.879,00
CRO VI;Kalbar 1B;Ceria Prima - III (KSO);4.487,00
CRO VI;Kalbar 1B;Mitra Wawasan (MWS);545,00
CRO VI;Kalbar 1B;Persada Alam (PA);801,06
CRO VI;Kalbar 1B;Wirata  - III S;148,00
CRO VI;Kalbar 1B;Wirata - I;2.685,00
CRO VI;Kalbar 1B;Wirata - II A;3.819,00
CRO VI;Kalbar 1B;Wirata - II S;2.587,00
CRO VI;Kalbar 1B;Wirata - III A;3.947,00
CRO VI;Kalbar 1B;Darmex - I;2.162,00
CRO VI;Kalbar 1B;Darmex - II;1.808,00
CRO VI;Kalbar 1B;Darmex - X;141,00
CRO VI;Kalbar 1B;Lestari Alam Raya (LAR);858,00
CRO VI;Kalbar 1B;Kemitraaan Sebandut (LAR);77,00
CRO VI;Kalbar 1B;Kemitraan Godang Damar (Darmex);200,15
CRO VI;Kalbar 1B;Kemitraan Janyat (Darmex);85,00
CRO VI;Kalbar 1B;Kemitraan Kinande (Darmex);280,00
CRO VI;Kalbar 1B;Kemitraan Lembah Bawang (Darmex);386,00
CRO VI;Kalbar 1B;Kemitraan MDP;239,00
CRO VI;Kalbar 1B;Kemitraan MW;135,00
CRO VI;Kalbar 1B;Kemitraan Pelangor (CP - I);457,00
CRO VI;Kalbar 1B;Kemitraan Semangak (Wirata - II);146,00
CRO VI;Kalbar 1B;Kemitraan Senangak (CP - I);376,00
CRO VI;Kalbar 1B;Kemitraan Senangak (CP - II);323,00
CRO VI;Kalbar 1B;Kemitraan Sepantai (Wirata - I);1.066,90
CRO VI;Kalbar 1B;Kemitraan Sepuk (CP - III);225,00
CRO VI;Kalbar 1B;Kemitraan Serangan (LAR);138,00
CRO VI;Kalbar 1B;Kemitraan Seret Ayon (Darmex);162,00
CRO VI;Kalbar 1B;Kemitraan Tebuah  Elok  (LPA);193,00
CRO VI;Kalbar 2;Agronusa Investama;133,07
CRO VI;Kalbar 2;Aria Hijau Alam Lestari;11,85
CRO VI;Kalbar 2;Cahaya Putih Energi Alam;56,83
CRO VI;Kalbar 2;Fajar Saudara Lestari;0,10
CRO VI;Kalbar 2;Gerbang Benua Raya;7,00
CRO VI;Kalbar 2;Karya Boga Kusuma;157,57
CRO VI;Kalbar 2;Keliau Mas Perkasa;1.540,84
CRO VI;Kalbar 2;Mempawah Permai Lestari;1,17
CRO VI;Kalbar 2;Mitra Inti Sejati Plantation;94,96
CRO VI;Kalbar 2;Nusantara Sarana Alam;15,04
CRO VI;Kalbar 2;Palmade Agrosia Lestari;12,22
CRO VI;Kalbar 2;Patiware;800,35
CRO VI;Kalbar 2;Rana Wastu Kencana;158,88
CRO VI;Kalbar 2;Rezeki Kencana;1.622,17
CRO VI;Kalbar 2;Satria Multi Sukses;375,64
CRO VI;Kalbar 2;Tanjung Rhu Plantation And Product;114,47
CRO VI;Kalbar 2;Tebar Tandan Tenerah;5,56
CRO VI;Kalbar 2;Tsjafiuddin;180,00
CRO VI;Kalbar 2;Wawasan Kebun Nusantara;190,00
CRO VI;Kalbar 2;Agro Palindo Sakti;221,00
CRO VI;Kalbar 2;Agrolestari Kencana Makmur;11,55
CRO VI;Kalbar 2;Bintang Permata Khatulistiwa;0,20
CRO VI;Kalbar 2;Bonti Permai Jaya Raya;0,26
CRO VI;Kalbar 2;Borneo Ketapang Permai;63,09
CRO VI;Kalbar 2;Buana Hijau Abadi;79,65
CRO VI;Kalbar 2;Citra Nusa Inti Sawit;1.585,80
CRO VI;Kalbar 2;Kalimantan Bina Permai;24,74
CRO VI;Kalbar 2;Kebun Ganda Prima;179,27
CRO VI;Kalbar 2;Khatulistiwa Agro Abadi;0,00
CRO VI;Kalbar 2;Parna Agromas;138,30
CRO VI;Kalbar 2;Perkebunan Nusantara V;136,18
CRO VI;Kalbar 2;Pulau Tiga Lestari Jaya;16,33
CRO VI;Kalbar 2;Ratubadis Adhi Perkasa;32,07
CRO VI;Kalbar 2;Riau Agrotama Plantation;1.754,05
CRO VI;Kalbar 2;Satria Manunggal Sejahtera;36,57
CRO VI;Kalbar 2;Sedjahtera Indo Agro;1.162,90
CRO VI;Kalbar 2;Sepanjang Inti Surya Utama 2;97,52
CRO VI;Kalbar 2;Sinar Dinamika Kapuas;87,83
CRO VI;Kalbar 2;Aditya Agroindo;28,83
CRO VI;Kalbar 2;Agriplus (Bumitama Gunajaya);30,57
CRO VI;Kalbar 2;Agrolestari Mandiri;54,66
CRO VI;Kalbar 2;Berkat Nabati Sejahtera;2,07
CRO VI;Kalbar 2;Falcon Agripersada;9,23
CRO VI;Kalbar 2;Gunajaya Karya Gemilang;97,29
CRO VI;Kalbar 2;Harapan Sawit Lestari;422,08
CRO VI;Kalbar 2;Indo Sawit Kekal;15,00
CRO VI;Kalbar 2;Mandiri Kapital Jaya;655,94
CRO VI;Kalbar 2;Prakarsa Tani Sejati;480,73
CRO VI;Kalbar 2;Umekah Sari Pratama;91,66
CRO VII;Kalsel 1;Cakung Permata Nusa (Astra Agro lestari);395,74
CRO VII;Kalsel 1;Jaya Mandiri Sukses;275,43
CRO VII;Kalsel 1;Koperasi Agro Borneo Corps (ABC);371,00
CRO VII;Kalsel 1;Manunggal Adi Jaya;35,89
CRO VII;Kalsel 1;Saka Kencana Sejahtera;284,77
CRO VII;Kalsel 1;Singaland Asetama;0,00
CRO VII;Kalsel 1;Suryabumi Tunggal Perkasa;3.409,23
CRO VII;Kalsel 2;Bersama Sejahtera Sakti (Minamas);221,00
CRO VII;Kalsel 2;Buana Karya Bhakti;0,00
CRO VII;Kalsel 2;Citra Putra Kebun Asri;0,00
CRO VII;Kalsel 2;Indoraya Everlatex;441,38
CRO VII;Kalsel 2;Ladang Rumpun Subur Abadi;129,81
CRO VII;Kalsel 2;Sajang Heulang Mustika;585,00
CRO VII;Kalsel 2;Smart Tbk (Sinarmas);445,04
CRO VII;Kalsel 2;Alamraya Kencana Mas;0,00
CRO VII;Kalsel 2;Laguna Mandiri (Minamas);1.009,79
CRO VII;Kalsel 2;Langgeng Muara Makmur (Minamas);8,00
CRO VII;Kalsel 2;Swadaya Andika (Minamas);1,06
CRO VII;Kalsel 2;Tapian Nadenggan (Sinarmas);9,30
CRO VII;Kaltara;Bulungan Hijau Perkasa;699,59
CRO VII;Kaltara;Karangjuang Hijau Lestari;227,40
CRO VII;Kaltara;Tirta Madu Sawit Jaya;218,29
CRO VII;Kaltim;Agro Bumi Kaltim;0,00
CRO VII;Kaltim;Agro Indomas East Kalimantan;218,25
CRO VII;Kaltim;Agro Inti Kencana Mas;198,02
CRO VII;Kaltim;Amalia Hani Sejahtera;0,00
CRO VII;Kaltim;Anugerah Abadi Multi Usaha;0,00
CRO VII;Kaltim;Anugerah Energitama;0,00
CRO VII;Kaltim;Anugerah Kebun Mandiri;0,00
CRO VII;Kaltim;Anugerah Lahan Kaltim;0,00
CRO VII;Kaltim;Bima Palma Nugraha;0,00
CRO VII;Kaltim;Borneo Indah Marjaya;0,00
CRO VII;Kaltim;Bumi Mulia Makmur Lestari;191,89
CRO VII;Kaltim;Cahaya Anugerah Plantation;0,00
CRO VII;Kaltim;Cipta Palma Pertiwi*;0,00
CRO VII;Kaltim;Dinamika Prima Artha;0,00
CRO VII;Kaltim;Gunta Samba;231,81
CRO VII;Kaltim;Itci Hutani Manunggal;0,00
CRO VII;Kaltim;Jabontara Eka Karsa;0,00
CRO VII;Kaltim;Jaya Mandiri Sukses (Kaltim);273,83
CRO VII;Kaltim;Kalpataru Sawit Plantation;22,31
CRO VII;Kaltim;Karya Bhakti Sejahtera Agrotama;0,00
CRO VII;Kaltim;Karya Nusa Ekadaya;0,00
CRO VII;Kaltim;Karya Prima Agro Sejahtera;13,72
CRO VII;Kaltim;Ketapang Agro Lestari*;0,00
CRO VII;Kaltim;Ketapang Hijau Lestari;0,00
CRO VII;Kaltim;Kota Bangun Plantation;0,00
CRO VII;Kaltim;Kresna Duta Indo;7,59
CRO VII;Kaltim;Kutai Inti Utama;0,00
CRO VII;Kaltim;Kutai Sawit Plantation;0,00
CRO VII;Kaltim;Long Bagun Prima Sawit;152,34
CRO VII;Kaltim;Mahakam Sawit Plantation;22,31
CRO VII;Kaltim;Malaya Sawit Khatulistiwa;0,00
CRO VII;Kaltim;Mitra Bangga Utama;396,41
CRO VII;Kaltim;Muara Kaman Sawit Sejahtera;0,00
CRO VII;Kaltim;Multi Pasific International;14,04
CRO VII;Kaltim;Nusa Lestari;0,00
CRO VII;Kaltim;Perkebunan Nusantara XIII;128,95
CRO VII;Kaltim;Preya Sawit Makmur;228,82
CRO VII;Kaltim;Pucuk Jaya;0,00
CRO VII;Kaltim;Rea Kaltim Plantation;0,00
CRO VII;Kaltim;Saraswanti Sawit Makmur;0,00
CRO VII;Kaltim;Sasana Yudha Bhakti;0,00
CRO VII;Kaltim;Sawit Khatulistiwa Plantation;0,00
CRO VII;Kaltim;Setia Agro Utama;50,87
CRO VII;Kaltim;Shabantara Rawi Sentosa;0,00
CRO VII;Kaltim;Sima Agung Prima;49,09
CRO VII;Kaltim;Tapian Nadenggan* (Kaltim);0,00
CRO VII;Kaltim;Teguh Swakarsa Sejahtera;312,23
CRO VII;Kaltim;Telen;0,00
CRO VII;Kaltim;Telen Prima Sawit;0,00
CRO VII;Kaltim;Tri Tunggal Sentra Buana;1.028,22
CRO VII;Kaltim;Tunas Prima Sejahtera;0,00
CRO VII;Kaltim;Wahana Tritunggal Cemerlang;21,51
CRO VIII;Kalteng 1;Andalan Sukses Makmur (Bga);1,27
CRO VIII;Kalteng 1;Bahaur Era Sawit Tama;835,93
CRO VIII;Kalteng 1;Bangkitgiat Usaha Mandiri;5,80
CRO VIII;Kalteng 1;Berkah Alam Fajar Mas;1.312,42
CRO VIII;Kalteng 1;Borneo Eka Sawit Tangguh;0,00
CRO VIII;Kalteng 1;Bumitama Gunajaya Abadi (Bga);211,44
CRO VIII;Kalteng 1;Fajar Bumi Nabatindo (Bga);8,15
CRO VIII;Kalteng 1;Gemilang Subur Maju (Bga);2,47
CRO VIII;Kalteng 1;Karya Luhur Sejati;1.761,74
CRO VIII;Kalteng 1;Karya Makmur Bahagia (Bga);4,58
CRO VIII;Kalteng 1;Kereng Pangi Perdana;1.527,00
CRO VIII;Kalteng 1;Langgeng Bakti Persada;1.623,30
CRO VIII;Kalteng 1;Mitra Agro Persada Abadi (Msal Group);1.463,81
CRO VIII;Kalteng 1;Nabatindo Karya Utama (Bga);6,46
CRO VIII;Kalteng 1;Persada Era Agro Kencana (Msal Group);5.463,88
CRO VIII;Kalteng 1;Persada Sejahtera Agro Makmur (Msal Group);213,60
CRO VIII;Kalteng 1;Suryamas Cipta Perkasa 1;1.655,71
CRO VIII;Kalteng 1;Suryamas Cipta Perkasa 2;646,31
CRO VIII;Kalteng 1;Tanah Tani Lestari (Bga);10,21
CRO VIII;Kalteng 1;Wahana Agrotama Makmur Perkasa;0,00
CRO VIII;Kalteng 1;Windu Nabantindo Sejahtera (Bga);34,97
CRO VIII;Kalteng 1;Windu Nabatindo Abadi (Bga);15,11
CRO VIII;Kalteng 1;Windu Nabatindo Lestari (Bga);335,29
CRO VIII;Kalteng 1;Agro Kalimantan Lestari;6.466,20
CRO VIII;Kalteng 1;Arjuna Utama Sawit;785,54
CRO VIII;Kalteng 1;Bisma Dharma Kencana;0,00
CRO VIII;Kalteng 1;Hampalit Jaya;5,28
CRO VIII;Kalteng 1;Harapan Subur Lestari;58,91
CRO VIII;Kalteng 1;Intaran Permai;0,00
CRO VIII;Kalteng 1;Kalimantan Hijau Sentosa;1.009,98
CRO VIII;Kalteng 1;Karya Dewi Putra;1.070,94
CRO VIII;Kalteng 1;Katingan Sawit Bersama;0,00
CRO VIII;Kalteng 1;Koperasi Sepan Raya;0,00
CRO VIII;Kalteng 1;Menara Tunggal Perkasa;0,00
CRO VIII;Kalteng 1;Menteng Kencana Mas;857,31
CRO VIII;Kalteng 1;Mitra Jaya Cemerlang;0,00
CRO VIII;Kalteng 1;Putra Katingan Pratama;2.696,97
CRO VIII;Kalteng 1;Raya Sejahtera Plantation;37,72
CRO VIII;Kalteng 1;Sapta Karya Damai;34,90
CRO VIII;Kalteng 1;Sejahtera Aman Selaras;0,00
CRO VIII;Kalteng 1;Adhyaksa Dharmasatya;349,74
CRO VIII;Kalteng 1;Buana Adhitama (Sinarmas Group);1.374,81
CRO VIII;Kalteng 1;Bumihutani Lestari;581,47
CRO VIII;Kalteng 1;Dinamika Alam Segar;129,61
CRO VIII;Kalteng 1;Hutan Sawit Lestari;51,52
CRO VIII;Kalteng 1;Intiga Prabakara Kahuripan (Dhanistha Group);207,00
CRO VIII;Kalteng 1;Katingan Indah Utama;873,21
CRO VIII;Kalteng 1;Koperasi Antang Dahiang (PT Hsl);631,24
CRO VIII;Kalteng 1;Koperasi Anugerah Baampah (PT KIU) Makin;0,25
CRO VIII;Kalteng 1;Koperasi Berkat Tehang (PT WYK) Makin;791,66
CRO VIII;Kalteng 1;Koperasi Bina Tani (Makin);0,00
CRO VIII;Kalteng 1;Koperasi Bukit Lestari (PT KIU) Makin;592,77
CRO VIII;Kalteng 1;Koperasi Cempaga Perkasa (PT WYK) Makin;48,63
CRO VIII;Kalteng 1;Koperasi Ela Laya (PT SISK) Makin;0,21
CRO VIII;Kalteng 1;Koperasi Harapan Bersama (PT KIU) Makin;513,32
CRO VIII;Kalteng 1;Koperasi Harapan Itah (PT Hsl);175,20
CRO VIII;Kalteng 1;Koperasi Harapan Sentosa (PT KIU) Makin;110,41
CRO VIII;Kalteng 1;Koperasi Hidup Lestari (PT SISK) Makin;1,26
CRO VIII;Kalteng 1;Koperasi Isen Mulang (PT KIU) Makin;350,69
CRO VIII;Kalteng 1;Koperasi Jaya Makmur (PT Hsl);598,91
CRO VIII;Kalteng 1;Koperasi Karya Tani (PT KIU) Makin;189,68
CRO VIII;Kalteng 1;Koperasi Karya Tualan Lestari (PT Hsl);315,09
CRO VIII;Kalteng 1;Koperasi Keluarga Mandiri;0,00
CRO VIII;Kalteng 1;Koperasi Melati Hanjalipan (PT WYK) Makin;104,00
CRO VIII;Kalteng 1;Koperasi Mentaya Raya (PT KIU) Makin;3,39
CRO VIII;Kalteng 1;Koperasi Pamalian Bauntung (PT WYK) Makin;90,05
CRO VIII;Kalteng 1;Koperasi Panca Karya (PT SISK) Makin;0,02
CRO VIII;Kalteng 1;Koperasi Petak Sembuyan (PT Hsl);149,50
CRO VIII;Kalteng 1;Koperasi Putra Mangkikit Jaya;0,00
CRO VIII;Kalteng 1;Koperasi Santana Bersatu (PT KIU) Makin;214,89
CRO VIII;Kalteng 1;Koperasi Sawit Kabuau Indah (PT KIU) Makin;62,00
CRO VIII;Kalteng 1;Koperasi Sinar Bahagia (PT KIU) Makin;462,73
CRO VIII;Kalteng 1;Koperasi Suka Maju (PT SISK) Makin;0,04
CRO VIII;Kalteng 1;Koperasi Sumber Alam (PT SISK) Makin;0,02
CRO VIII;Kalteng 1;Koperasi Sumber Makmur (PT Hsl);231,76
CRO VIII;Kalteng 1;Koperasi Tunas Harapan (PT KIU) Makin;7,64
CRO VIII;Kalteng 1;Koperasi Tunas Jaya (PT KIU) Makin;6,46
CRO VIII;Kalteng 1;Mukti Sawit Kahuripan;268,00
CRO VIII;Kalteng 1;Sarana Prima Multi Niaga;52,51
CRO VIII;Kalteng 1;Sinar Citra Cemerlang;1.346,08
CRO VIII;Kalteng 1;Surya Inti Sawit Kahuripan;43,85
CRO VIII;Kalteng 1;Swadaya Sapta Putra 1;113,76
CRO VIII;Kalteng 1;Swadaya Sapta Putra 2;0,00
CRO VIII;Kalteng 1;Tunas Agro Subur Kencana;3.052,28
CRO VIII;Kalteng 1;Unggul Lestari (Musim Mas);1.588,14
CRO VIII;Kalteng 1;Uni Primacom;445,57
CRO VIII;Kalteng 1;Wana Yasa Kahuripan;345,26
CRO VIII;Kalteng 1;Agro Bukit;2.252,00
CRO VIII;Kalteng 1;Agro Wana Lestari;37,63
CRO VIII;Kalteng 1;Borneo Sawit Perdana;169,00
CRO VIII;Kalteng 1;Bumi Sawit Kencana (Wilmar Group);165,32
CRO VIII;Kalteng 1;Globalindo Alam Perkasa (Musim Mas);4.106,00
CRO VIII;Kalteng 1;Hamparan Masawit Bangun Persada;1.085,89
CRO VIII;Kalteng 1;Karunia Kencana Permaisejati (Wilmar Group);2,79
CRO VIII;Kalteng 1;Maju Aneka Sawit (Musim Mas);563,29
CRO VIII;Kalteng 1;Mananjung Hayak;1.305,00
CRO VIII;Kalteng 1;Mentaya Sawit Mas (Wilmar Group);94,64
CRO VIII;Kalteng 1;Menteng Jaya Sawit Perdana;121,00
CRO VIII;Kalteng 1;Mulia Agro Permai;170,04
CRO VIII;Kalteng 1;Nusantara Sawit Persada;1.633,00
CRO VIII;Kalteng 1;Sukajadi Sawit Mekar (Musim Mas);303,27
CRO VIII;Kalteng 1;Bangun Jaya Alam Permai;4.236,03
CRO VIII;Kalteng 1;Graha Indosawit Andal Tunggal;0,00
CRO VIII;Kalteng 1;Wana Sawit Subur Lestari;365,52
CRO VIII;Kalteng 3;Agro Mandiri Sukses;0,00
CRO VIII;Kalteng 3;Antang Ganda Utama;143,53
CRO VIII;Kalteng 3;Austral Byna (AB);0,00
CRO VIII;Kalteng 3;Berjaya Agro Kalimantan;2.904,60
CRO VIII;Kalteng 3;Bhadra Cemerlang (Astra Group);155,94
CRO VIII;Kalteng 3;Borneo Ketapang Indah;14,70
CRO VIII;Kalteng 3;Heroes Green Energy;2,00
CRO VIII;Kalteng 3;Indopenta Sejahtera Abadi;0,00
CRO VIII;Kalteng 3;Ketapang Subur Lestari;0,00
CRO VIII;Kalteng 3;Kop Karya Bersama;324,46
CRO VIII;Kalteng 3;Koperasi Byna Mitra Utama (PT Antang Ganda Utama);22,19
CRO VIII;Kalteng 3;Koperasi Citra Mandiri;54,09
CRO VIII;Kalteng 3;Koperasi Majangkan Jaya (PT Antang Ganda Utama);10,44
CRO VIII;Kalteng 3;Mata Andau Sawit Kahuripan;873,05
CRO VIII;Kalteng 3;Mitra Jaya Agro Palm;4.857,27
CRO VIII;Kalteng 3;Multipersada Gatramegah (Musim Mas);0,00
CRO VIII;Kalteng 3;Sawit Sumber Rejo (SSR);10,00
CRO VIII;Kalteng 3;Agrindo Green Lestari;0,00
CRO VIII;Kalteng 3;Agro Borneo Lestari (ABL);28,00
CRO VIII;Kalteng 3;Agrolestari Sentosa (Sinarmas Group);0,19
CRO VIII;Kalteng 3;Archipelago Timur Abadi;33,34
CRO VIII;Kalteng 3;Berkala Maju Bersama Kurun;0,00
CRO VIII;Kalteng 3;Berkala Maju Bersama Manuhing;0,00
CRO VIII;Kalteng 3;Bina Sarana Sawit Utama;0,00
CRO VIII;Kalteng 3;Bumi Agri Prima (BAP);0,00
CRO VIII;Kalteng 3;Cipta Enggang Nusalaras (CEN);0,00
CRO VIII;Kalteng 3;Citra Agro Perkasa Abadi;0,00
CRO VIII;Kalteng 3;Dwie Warna Karya;23,58
CRO VIII;Kalteng 3;Globalindo Agung Lestari;1.397,00
CRO VIII;Kalteng 3;Graha Inti Jaya;4,38
CRO VIII;Kalteng 3;Gumas Alam Subur (GAS);0,00
CRO VIII;Kalteng 3;Hamparan Mitra Abadi;0,00
CRO VIII;Kalteng 3;Hijau Pertiwi Indah Plantation (Salim Group);22,27
CRO VIII;Kalteng 3;Jaya Jadi Utama;0,00
CRO VIII;Kalteng 3;Kalimantan Ria Sejahtera;321,49
CRO VIII;Kalteng 3;Kapuas Maju Jaya;37,27
CRO VIII;Kalteng 3;Koperasi Globalindo Mitra Sejati (Globalindo Agung Lestari);226,00
CRO VIII;Kalteng 3;Koperasi Hagatang Tarung Bersama;2.370,45
CRO VIII;Kalteng 3;Koperasi Intan Lestari Warga Bersatu;594,95
CRO VIII;Kalteng 3;Koperasi Produsen Bahalap Mimbul Sawit;286,09
CRO VIII;Kalteng 3;Koperasi Serba Usaha Karima;257,42
CRO VIII;Kalteng 3;Koperasi Tosah Mandiri;709,30
CRO VIII;Kalteng 3;Kurun Sumber Rezeki (KSR);0,85
CRO VIII;Kalteng 3;Manyangan Jaya 1;24,63
CRO VIII;Kalteng 3;Minna Padi Plantation (MPP);9,00
CRO VIII;Kalteng 3;Mulia Sawit Agro Lestari (Msal Group);575,11
CRO VIII;Kalteng 3;Pandujaya Gemilang Agung;0,00
CRO VIII;Kalteng 3;Prasetya Mitra Muda;18,56
CRO VIII;Kalteng 3;Sepalar Yasa Kartika (Cbi);0,00
CRO VIII;Kalteng 3;Susantri Permai;3.339,00
CRO VIII;Kalteng 3;Tantahan Panduhup ASI (TPA);1.100,98
CRO VIII;Kalteng 3;Tewah Bahana Lestari (TBL);0,00
CRO VIII;Kalteng 3;Wana Catur Jaya Utama;173,68
CRO VIII;Kalteng 3;Anaking Energica Lestari (Sakti Mait Jaya Langit);9.541,71
CRO IX;Kalteng 2;Agro Menara Rachmat (Astra Group);0,00
CRO IX;Kalteng 2;Arut Sawit Mandiri;10,48
CRO IX;Kalteng 2;Berlian Bintara Beton (Ex Musirawas);1.853,95
CRO IX;Kalteng 2;Berlian Bintara Beton (Ex Sumur Pandan Wangi);1.365,83
CRO IX;Kalteng 2;Bumi Langgeng Perdanatrada (Blp);0,00
CRO IX;Kalteng 2;Citra Borneo Indah;0,00
CRO IX;Kalteng 2;Gunung Sejahtera Ibu Pertiwi (Astra Gruop);2,92
CRO IX;Kalteng 2;Gunung Sejahtera Puti Pesona (Astra Group);12,71
CRO IX;Kalteng 2;Kalimantan Sawit Abadi;0,00
CRO IX;Kalteng 2;Kelompok Tani Sungai Kakap Lestari (Abdul Basid);0,00
CRO IX;Kalteng 2;Koperasi Bedaun Maju Bersama;0,00
CRO IX;Kalteng 2;Menthobi Sawit Jaya;7,20
CRO IX;Kalteng 2;Mitra Mendawai Sejati;0,00
CRO IX;Kalteng 2;Natai Sawit Perkasa;890,01
CRO IX;Kalteng 2;Satya Kisma Usaha (Sinarmas Group);0,00
CRO IX;Kalteng 2;Sawit Sumber Mas Sarana;0,00
CRO IX;Kalteng 2;Surya Indah Nusantara Pagi (Astra Group);0,49
CRO IX;Kalteng 2;Surya Sawit Sejati;479,88
CRO IX;Kalteng 2;Graha Cakramulia/Union Sampoerna;0,00
CRO IX;Kalteng 2;Harapan Hibrida Kalbar;29,19
CRO IX;Kalteng 2;Kalimantan Sawit Kusuma;1.259,23
CRO IX;Kalteng 2;Koperasi Jorong Rayo (PT Sukses Karya Mandiri);0,00
CRO IX;Kalteng 2;KUD Beringin Jaya (PT. Kalimantan Sawit Kusuma);0,00
CRO IX;Kalteng 2;Menthobi Makmur Lestari;0,00
CRO IX;Kalteng 2;Sukses Karya Mandiri;32,00
CRO IX;Kalteng 2;Sumber Mahardhika Graha /Union Sampoerna;0,00
CRO IX;Kalteng 2;Sungai Rangit (Sampoerna Agro Industri);1.903,47
CRO IX;Kalteng 2;Usaha Agro Indonesia;1.014,59
CRO IX;Kalteng 2;Berkat Prima Sejati;0,00
CRO IX;Kalteng 2;Denafa Borneo Lestari Ex PT Putra Pandawa Lima;214,00
CRO IX;Kalteng 2;First Lamandau Timber International;39,00
CRO IX;Kalteng 2;Gema Reksa Mekarsari;4,90
CRO IX;Kalteng 2;Koperasi Bukit Lumut Sejahtera (PT Flti);0,00
CRO IX;Kalteng 2;Koperasi Guna Wana Sejahtera B (PT.Flti);0,00
CRO IX;Kalteng 2;Koperasi Tiga Putera Bungou (PT Flti);0,00
CRO IX;Kalteng 2;Menthobi Mitra Lestari;0,00
CRO IX;Kalteng 2;Menthobi Mitra Sentosa;0,00
CRO IX;Kalteng 2;Mirza Pratama Putra;0,00
CRO IX;Kalteng 2;Nirmala Agro Lestari (Astra Group);15,73
CRO IX;Kalteng 2;Sawit Lamandau Raya;10,00
CRO IX;Kalteng 2;Sawit Mandiri Lestari (CBI);29,12
CRO IX;Kalteng 2;Sawit Multi Utama;0,00
CRO IX;Kalteng 2;Tanjung Sawit Abadi (CBI);0,00
CRO IX;Kalteng 2;Aditunggal Mahajaya (Sinarmas Group);0,00
CRO IX;Kalteng 2;Agrokarya Prima Lestari;2.392,51
CRO IX;Kalteng 2;Bina Sawit Abadi Pratama 1 (Sinarmas Group);36,78
CRO IX;Kalteng 2;Buana Artha Sejahtera (Sinarmas Group);0,00
CRO IX;Kalteng 2;Ciptatani Kumai Sejahtera;941,98
CRO IX;Kalteng 2;Karya Makmur Sejahtera;2.688,82
CRO IX;Kalteng 2;Mitra Karya Agroindo (Sinarmas Group);94,64
CRO IX;Kalteng 2;Tapian Nadenggan (Sinarmas Group);64,91
CRO IX;Kalteng 2;Telaga Sari Persada;315,47
CRO IX;Kalteng 2;Agro Indomas (Kalteng);219,05
CRO IX;Kalteng 2;Ahmad Saleh Perkasa;0,00
CRO IX;Kalteng 2;Bina Sawit Abadi Pratama Ex Amp (Sinarmas Group);1,61
CRO IX;Kalteng 2;Gawi Bahandep Sawit Mekar;4,34
CRO IX;Kalteng 2;Kerry Sawit Indonesia (Wilmar Group);0,00
CRO IX;Kalteng 2;Koperasi Tagani Makmur (PT Mega I.K);0,00
CRO IX;Kalteng 2;Koperasi Tanjung Berkah Sekumpul (PT Mega I.K);0,00
CRO IX;Kalteng 2;Mega Ika Khansa;24,00
CRO IX;Kalteng 2;Mustika Sembuluh (Wilmar Group);139,54
CRO IX;Kalteng 2;RIM Capital;345,27
CRO IX;Kalteng 2;Rimba Harapan Sakti (Wilmar Group);154,11
CRO IX;Kalteng 2;Salonok Ladang Mas;0,00
CRO IX;Kalteng 2;Sarana Titian Permata (Wilmar Group);809,19
CRO IX;Kalteng 2;Sawitmas Nugraha Perdana;1,72
CRO X;Sulteng;Agro Toribulu Asri;0,00
CRO X;Sulteng;Ampibabo Agro Lestari;0,00
CRO X;Sulteng;Baliggi Agri Pratama;0,00
CRO X;Sulteng;Bumi Raya Agro;0,00
CRO X;Sulteng;Cipta Agro Nusantara (AAL);69,82
CRO X;Sulteng;Citra Izzi Parigi;0,00
CRO X;Sulteng;Donggala Sawit Hijau;0,00
CRO X;Sulteng;Hamparan Unggul Mandiri;0,00
CRO X;Sulteng;Indah Permai Sawita;0,00
CRO X;Sulteng;Kirana Sinar Gemilang;0,00
CRO X;Sulteng;Kurnia Luwuk Sejati;251,04
CRO X;Sulteng;Kutai Palm Plantation;0,00
CRO X;Sulteng;Nusamas Griya Lestari;0,00
CRO X;Sulteng;Pasang Kayu;861,71
CRO X;Sulteng;Rimbunan Alam Sentosa (AAL);887,87
CRO X;Sulteng;Sawit Jaya Abadi;0,00
CRO X;Sulteng;Sawita Persada Nusantara;0,00
CRO X;Sulteng;Sinergi Perkebunan Nusantara;46,39
CRO X;Sulteng;Sonokeling Buana;0,00
CRO X;Sulteng;Timur Jaya Indo Makmur;0,00
CRO X;Sultra;Damai Jaya Lestari - Kolaka;162,44
CRO X;Sultra;Harlitama Agrimakmur;0,00
CRO X;Sultra;Madinra Inti Sawit;2,74
CRO X;Sultra;Mega Utama Tani;0,00
CRO X;Sultra;Merbaujaya Indahraya;110,05
CRO X;Sultra;Mulya Tani;767,87
CRO X;Sultra;PTPN XIV Kebun Asera;1.101,36
CRO X;Sultra;Sampe Wali;1.087,00
CRO X;Sultra;Sultra Sawitindo Lestari;0,00
CRO X;Sultra;Wahana Surya Agro;0,00
CRO XI;Papua;Berkat Cipta Abadi (Korindo Group);0,00
CRO XI;Papua;Digoel Agri Jaya;0,00
CRO XI;Papua;Digoel Agri Mandiri;0,00
CRO XI;Papua;Dongin Prabhawa (Korindo Group);0,00
CRO XI;Papua;Graha Kencana Mulia (Semesta Alam Sejati);0,00
CRO XI;Papua;Indoagro Daya Adimulia;0,00
CRO XI;Papua;Indoasiana Lestari;0,00
CRO XI;Papua;Papua Agro Lestari (Korindo Group);0,00
CRO XI;Papua;Perkebunan Bovendigoel Sejahtera;0,00
CRO XI;Papua;Tunas Sawa Erma (Korindo Group);0,00
;;;444.447,37
;;;
